Domain Name,Agency,
ACUS.GOV,Administrative Conference of the United States,
ACHP.GOV,Advisory Council on Historic Preservation,
PRESERVEAMERICA.GOV,Advisory Council on Historic Preservation,
ADF.GOV,African Development Foundation,
USADF.GOV,African Development Foundation,
ABMC.GOV,American Battle Monuments Commission,
AMTRAKOIG.GOV,AMTRAK,
ARC.GOV,Appalachian Regional Commission,
AFRH.GOV,Armed Forces Retirement Home,
CIA.GOV,Central Intelligence Agency,
IC.GOV,Central Intelligence Agency,
ID8.GOV,Central Intelligence Agency,
ISTAC.GOV,Central Intelligence Agency,
NCTC.GOV,Central Intelligence Agency,
ODCI.GOV,Central Intelligence Agency,
OPENSOURCE.GOV,Central Intelligence Agency,
OSDE.GOV,Central Intelligence Agency,
TTIC.GOV,Central Intelligence Agency,
UCIA.GOV,Central Intelligence Agency,
ABILITYONE.FED.US,Comm for People Who Are Blind/Severly Disabled,
ABILITYONE.GOV,Comm for People Who Are Blind/Severly Disabled,
JWOD.GOV,Comm for People Who Are Blind/Severly Disabled,
CFTC.GOV,Commodity Futures Trading Commission,
ATVSAFETY.GOV,Consumer Product Safety Commission,
CPSC.GOV,Consumer Product Safety Commission,
DRYWALLRESPONSE.GOV,Consumer Product Safety Commission,
POOLSAFELY.GOV,Consumer Product Safety Commission,
POOLSAFETY.GOV,Consumer Product Safety Commission,
PRODUCTSAFETY.GOV,Consumer Product Safety Commission,
RECALL.GOV,Consumer Product Safety Commission,
RECALLS.GOV,Consumer Product Safety Commission,
SAFEHOME.GOV,Consumer Product Safety Commission,
SAFEHOMES.GOV,Consumer Product Safety Commission,
SAFEPRODUCT.GOV,Consumer Product Safety Commission,
SAFEPRODUCTS.GOV,Consumer Product Safety Commission,
SAFERHOME.GOV,Consumer Product Safety Commission,
SAFERHOMES.GOV,Consumer Product Safety Commission,
SAFERPRODUCT.GOV,Consumer Product Safety Commission,
SAFERPRODUCTS.GOV,Consumer Product Safety Commission,
SAFESLEEP.GOV,Consumer Product Safety Commission,
AMERICORE.GOV,Corporation for National & Community Service,
AMERICORP.GOV,Corporation for National & Community Service,
AMERICORPS.GOV,Corporation for National & Community Service,
AMERICORPSCONNECT.GOV,Corporation for National & Community Service,
AMERICORPSWEEK.GOV,Corporation for National & Community Service,
CNCS.GOV,Corporation for National & Community Service,
CNCSIG.GOV,Corporation for National & Community Service,
CNCSOIG.GOV,Corporation for National & Community Service,
CNS.GOV,Corporation for National & Community Service,
FEDERALMENTORINGCOUNCIL.GOV,Corporation for National & Community Service,
GETINVOLVED.GOV,Corporation for National & Community Service,
LEARNANDSERVE.GOV,Corporation for National & Community Service,
MLKDAY.GOV,Corporation for National & Community Service,
NATIONALSERVICE.GOV,Corporation for National & Community Service,
NATIONALSERVICEGEAR.GOV,Corporation for National & Community Service,
NATIONALSERVICEPUBS.GOV,Corporation for National & Community Service,
NATIONALSERVICERESOURCES.GOV,Corporation for National & Community Service,
PRESIDENTIALSERVICEAWARDS.GOV,Corporation for National & Community Service,
SENIORCORPS.GOV,Corporation for National & Community Service,
SERVE.GOV,Corporation for National & Community Service,
SERVICE.GOV,Corporation for National & Community Service,
SERVICELEARNING.GOV,Corporation for National & Community Service,
SERVIR.GOV,Corporation for National & Community Service,
VISTA.GOV,Corporation for National & Community Service,
VISTACAMPUS.GOV,Corporation for National & Community Service,
VOLUNTEERINGINAMERICA.GOV,Corporation for National & Community Service,
CIGIE.GOV,Council of Inspector General on Integrity and Efficiency,
DNFSB.GOV,Defense Nuclear Facilities Safety Board,
AG.GOV,Department of Agriculture,
ARS-GRIN.GOV,Department of Agriculture,
ARSERRC.GOV,Department of Agriculture,
ARSUSDA.GOV,Department of Agriculture,
ASKKAREN.GOV,Department of Agriculture,
BEFOODSAFE.GOV,Department of Agriculture,
BIOPREFERRED.GOV,Department of Agriculture,
CHEWSMYPLATE.GOV,Department of Agriculture,
CHOOSEMYPLATE.GOV,Department of Agriculture,
COASTALAMERICA.GOV,Department of Agriculture,
DIETARYGUIDELINES.GOV,Department of Agriculture,
ECOSMART.GOV,Department of Agriculture,
EMPOWHR.GOV,Department of Agriculture,
EXECSEC.GOV,Department of Agriculture,
FARMERCLAIMS.GOV,Department of Agriculture,
FEMALEFARMERCLAIMS.GOV,Department of Agriculture,
FIREINSTITUTE.GOV,Department of Agriculture,
FOODAPEDIA.GOV,Department of Agriculture,
FOODSAFETYJOBS.GOV,Department of Agriculture,
FOODSAFETYWORKINGGROUP.GOV,Department of Agriculture,
FORESTSANDRANGELANDS.GOV,Department of Agriculture,
FS.FED.US,Department of Agriculture,
FSWG.GOV,Department of Agriculture,
GREEN.GOV,Department of Agriculture,
HISPANICFARMERCLAIMS.GOV,Department of Agriculture,
ICBEMP.GOV,Department of Agriculture,
IIOG.GOV,Department of Agriculture,
INVASIVESPECIESINFO.GOV,Department of Agriculture,
IPM.GOV,Department of Agriculture,
ISITDONEYET.GOV,Department of Agriculture,
ITAP.GOV,Department of Agriculture,
JUNIORFORESTRANGER.GOV,Department of Agriculture,
LATINOFARMERCLAIMS.GOV,Department of Agriculture,
LCACOMMONS.GOV,Department of Agriculture,
LETSEAT.GOV,Department of Agriculture,
MIPIRAMIDE.GOV,Department of Agriculture,
MTBS.GOV,Department of Agriculture,
MYFOODAPEDIA.GOV,Department of Agriculture,
MYPLATE.GOV,Department of Agriculture,
MYPYRAMID.GOV,Department of Agriculture,
MYPYRAMIDFORKIDS.GOV,Department of Agriculture,
MYPYRAMIDTRACKER.GOV,Department of Agriculture,
NAFRI.GOV,Department of Agriculture,
NALUSDA.GOV,Department of Agriculture,
NATIONAL4-HHEADQUARTERS.GOV,Department of Agriculture,
NEL.GOV,Department of Agriculture,
NSTL.GOV,Department of Agriculture,
NUTRITION.GOV,Department of Agriculture,
NUTRITIONEVIDENCELIBRARY.GOV,Department of Agriculture,
NWCG.GOV,Department of Agriculture,
PCIP.GOV,Department of Agriculture,
PLATE.GOV,Department of Agriculture,
PREGUNTELEAKAREN.GOV,Department of Agriculture,
PYRAMID.GOV,Department of Agriculture,
REC.GOV,Department of Agriculture,
RECDATA.GOV,Department of Agriculture,
RECREATION.GOV,Department of Agriculture,
REO.GOV,Department of Agriculture,
RESERVEUSA.GOV,Department of Agriculture,
RURALTOUR.GOV,Department of Agriculture,
SMOKEYBEAR.GOV,Department of Agriculture,
START2FARM.GOV,Department of Agriculture,
SYMBOLS.GOV,Department of Agriculture,
THEPEOPLESGARDEN.GOV,Department of Agriculture,
USDA.GOV,Department of Agriculture,
USDAPII.GOV,Department of Agriculture,
VALLESCALDERA.GOV,Department of Agriculture,
WOMENFARMERCLAIMS.GOV,Department of Agriculture,
WOODSY.GOV,Department of Agriculture,
WOODSYOWL.GOV,Department of Agriculture,
2010CENSUS.GOV,Department of Commerce,
2010CENSUSJOBS.GOV,Department of Commerce,
ACSEL.GOV,Department of Commerce,
AESDIRECT.GOV,Department of Commerce,
AGOA.GOV,Department of Commerce,
AP.GOV,Department of Commerce,
ATLASPRO.GOV,Department of Commerce,
ATPA.GOV,Department of Commerce,
AVIATIONWEATHER.GOV,Department of Commerce,
AWIPS.GOV,Department of Commerce,
BALDRIDGE.GOV,Department of Commerce,
BALDRIGE.GOV,Department of Commerce,
BEA.GOV,Department of Commerce,
BLDRDOC.GOV,Department of Commerce,
BORDERPATROL.GOV,Department of Commerce,
BROADBANDUSA.GOV,Department of Commerce,
BUENVIAJE.GOV,Department of Commerce,
BUYUSA.GOV,Department of Commerce,
CAFTA.GOV,Department of Commerce,
CAPMED.GOV,Department of Commerce,
CBP.GOV,Department of Commerce,
CENDI.GOV,Department of Commerce,
CENSUS.GOV,Department of Commerce,
CENSUS2010.GOV,Department of Commerce,
CEQ.GOV,Department of Commerce,
CIVILRIGHTSUSA.GOV,Department of Commerce,
CLIMATE.GOV,Department of Commerce,
CLIMATESCIENCE.GOV,Department of Commerce,
CLIMATESERVICES.GOV,Department of Commerce,
CMSP.GOV,Department of Commerce,
COMMERCE.GOV,Department of Commerce,
COMMERCECONNECT.GOV,Department of Commerce,
COMMERCIALNEWSUSA.GOV,Department of Commerce,
CONTINENTALSHELF.GOV,Department of Commerce,
DAVISBACON.GOV,Department of Commerce,
DEAREGISTRANTS.GOV,Department of Commerce,
DEATHMASTERFILE.GOV,Department of Commerce,
DIGITALLITERACY.GOV,Department of Commerce,
DNSOPS.GOV,Department of Commerce,
DOC.GOV,Department of Commerce,
DOCMENTORING.GOV,Department of Commerce,
DOLPHINSAFE.GOV,Department of Commerce,
DROUGHT.GOV,Department of Commerce,
E-911ICO.GOV,Department of Commerce,
E-STATS.GOV,Department of Commerce,
E3.GOV,Department of Commerce,
EARTHOBSERVATIONSUMMIT.GOV,Department of Commerce,
ECONOMICINDICATORS.GOV,Department of Commerce,
ECONOMICRECOVERY.GOV,Department of Commerce,
EDA.GOV,Department of Commerce,
EDPUBS.GOV,Department of Commerce,
ENTREPRENEURSHIP.GOV,Department of Commerce,
ESA.GOV,Department of Commerce,
ESTUARIES.GOV,Department of Commerce,
EXPORT.GOV,Department of Commerce,
EXPORTING.GOV,Department of Commerce,
EXPORTS.GOV,Department of Commerce,
FASTDRIVER.GOV,Department of Commerce,
FCSM.GOV,Department of Commerce,
FEDSTATS.GOV,Department of Commerce,
FEDWORLD.GOV,Department of Commerce,
FIRE.GOV,Department of Commerce,
FISHWATCH.GOV,Department of Commerce,
FSAPUBS.GOV,Department of Commerce,
GDP.GOV,Department of Commerce,
GEOPLATFORM.GOV,Department of Commerce,
GETYOUHOME.GOV,Department of Commerce,
GFDL.GOV,Department of Commerce,
GLOBALCHANGE.GOV,Department of Commerce,
GLOBALENTRY.GOV,Department of Commerce,
GLOBALWARMING.GOV,Department of Commerce,
GOES-R.GOV,Department of Commerce,
GREENSUPPLIERS.GOV,Department of Commerce,
GSN.GOV,Department of Commerce,
HD.GOV,Department of Commerce,
HMSPERMITS.GOV,Department of Commerce,
HUMANDIMENSIONS.GOV,Department of Commerce,
HURRICANES.GOV,Department of Commerce,
INCIDENTNEWS.GOV,Department of Commerce,
INEAP.GOV,Department of Commerce,
INNOVATIONMETRICS.GOV,Department of Commerce,
INVESTAMERICA.GOV,Department of Commerce,
IOOS.GOV,Department of Commerce,
IP.GOV,Department of Commerce,
IPCC-WG2.GOV,Department of Commerce,
IPENFORCEMENT.GOV,Department of Commerce,
ITDS.GOV,Department of Commerce,
JOAPTSC.GOV,Department of Commerce,
JTFCAPMED.GOV,Department of Commerce,
KNOWYOURBORDER.GOV,Department of Commerce,
MANUFACTURING.GOV,Department of Commerce,
MAPSTATS.GOV,Department of Commerce,
MARINECADASTRE.GOV,Department of Commerce,
MARINESPATIALPLANNING.GOV,Department of Commerce,
MBDA.GOV,Department of Commerce,
MBDASUMMIT.GOV,Department of Commerce,
MEDWEEK-REGISTRATION.GOV,Department of Commerce,
MEDWEEK.GOV,Department of Commerce,
MEP.GOV,Department of Commerce,
MMC.GOV,Department of Commerce,
MONTROSERESTORATION.GOV,Department of Commerce,
MPA.GOV,Department of Commerce,
MSP.GOV,Department of Commerce,
NAUTICALCHART.GOV,Department of Commerce,
NAUTICALCHARTS.GOV,Department of Commerce,
NEHRP.GOV,Department of Commerce,
NEXUS.GOV,Department of Commerce,
NIST.GOV,Department of Commerce,
NMFS.GOV,Department of Commerce,
NOAA.GOV,Department of Commerce,
NOAAWATCH.GOV,Department of Commerce,
NTIARETAILER.GOV,Department of Commerce,
NTIS.GOV,Department of Commerce,
NWS.GOV,Department of Commerce,
OCEAN.GOV,Department of Commerce,
OCEANCOMMISSION.GOV,Department of Commerce,
OCEANS.GOV,Department of Commerce,
OFCM.GOV,Department of Commerce,
OUTLOOK.GOV,Department of Commerce,
PADILLABAY.GOV,Department of Commerce,
PAPAHANAUMOKUAKEA.GOV,Department of Commerce,
PNT.GOV,Department of Commerce,
PRIVACY.GOV,Department of Commerce,
PSCR.GOV,Department of Commerce,
RESTORENBH.GOV,Department of Commerce,
SAFEPASS.GOV,Department of Commerce,
SCIENCETECHNOLOGY.GOV,Department of Commerce,
SCITECH.GOV,Department of Commerce,
SCITECHRESOURCES.GOV,Department of Commerce,
SDR.GOV,Department of Commerce,
SELECTAMERICA.GOV,Department of Commerce,
SELECTUSA.GOV,Department of Commerce,
SENTRI.GOV,Department of Commerce,
SERVICECONTRACT.GOV,Department of Commerce,
SPACEWEATHER.GOV,Department of Commerce,
SPECTRUM.GOV,Department of Commerce,
SPP.GOV,Department of Commerce,
STANDARDS.GOV,Department of Commerce,
STAT-USA.GOV,Department of Commerce,
STATUSA.GOV,Department of Commerce,
STOPFAKES.GOV,Department of Commerce,
TECHNOLOGY.GOV,Department of Commerce,
TESTGSA2.GOV,Department of Commerce,
TIME.GOV,Department of Commerce,
TRADE.GOV,Department of Commerce,
TRADEAGREEMENTS.GOV,Department of Commerce,
TRADESTATSEXPRESS.GOV,Department of Commerce,
TSUNAMI.GOV,Department of Commerce,
UCDMO.GOV,Department of Commerce,
USATRADEONLINE.GOV,Department of Commerce,
USGCRP.GOV,Department of Commerce,
USPTOTRAINING.GOV,Department of Commerce,
VERSLESUSA.GOV,Department of Commerce,
WDOL.GOV,Department of Commerce,
WEATHER.GOV,Department of Commerce,
WESTCOASTOCEANS.GOV,Department of Commerce,
ADLNET.GOV,Department of Defense,
AFTAC.GOV,Department of Defense,
ALTUSANDC.GOV,Department of Defense,
ARPA.GOV,Department of Defense,
BPN.GOV,Department of Defense,
BRAC.GOV,Department of Defense,
CAP.GOV,Department of Defense,
CCR.GOV,Department of Defense,
CMTS.GOV,Department of Defense,
CNGR.GOV,Department of Defense,
CNSS.GOV,Department of Defense,
CTTSO.GOV,Department of Defense,
DARPA.GOV,Department of Defense,
DAU.GOV,Department of Defense,
DEFENSE.GOV,Department of Defense,
DEFENSESOLUTIONS.GOV,Department of Defense,
DIX.GOV,Department of Defense,
DOD.GOV,Department of Defense,
EACLEARINGHOUSE.GOV,Department of Defense,
FRTR.GOV,Department of Defense,
FVAP.GOV,Department of Defense,
IA.FED.US,Department of Defense,
IAD.GOV,Department of Defense,
IOSS.GOV,Department of Defense,
ITC.GOV,Department of Defense,
JCCS.GOV,Department of Defense,
MOJAVEDATA.GOV,Department of Defense,
MTMC.GOV,Department of Defense,
MYPAY.GOV,Department of Defense,
NCR.GOV,Department of Defense,
NRO.GOV,Department of Defense,
NROJR.GOV,Department of Defense,
NSA.GOV,Department of Defense,
NSEP.GOV,Department of Defense,
OEA.GOV,Department of Defense,
OSDBU.GOV,Department of Defense,
PCCWW.GOV,Department of Defense,
PENTAGON.GOV,Department of Defense,
PPIRS.GOV,Department of Defense,
SAFEXCHANGE.GOV,Department of Defense,
SITEIDIQ.GOV,Department of Defense,
SPACE.GOV,Department of Defense,
TSWG.GOV,Department of Defense,
USANDC.GOV,Department of Defense,
WARTIMECONTRACTING.GOV,Department of Defense,
AAPI.GOV,Department of Education,
BFELOB.GOV,Department of Education,
BUDGETJOBS.GOV,Department of Education,
BUDGETLOB.GOV,Department of Education,
CHILDSTATS.GOV,Department of Education,
COLLEGE.GOV,Department of Education,
COLLEGENAVIGATOR.GOV,Department of Education,
DIRECTLOAN.GOV,Department of Education,
DIRECTLOANS.GOV,Department of Education,
ED.GOV,Department of Education,
EDU.GOV,Department of Education,
EDUCATION.GOV,Department of Education,
FAFSA.GOV,Department of Education,
FINAID.GOV,Department of Education,
FINANCIALAID.GOV,Department of Education,
G5.GOV,Department of Education,
HURRICANEHELPFORSCHOOLS.GOV,Department of Education,
NAGB.GOV,Department of Education,
NATIONSREPORTCARD.GOV,Department of Education,
NCLB.GOV,Department of Education,
NIFL.GOV,Department of Education,
NOCHILDLEFTBEHIND.GOV,Department of Education,
NSLI.GOV,Department of Education,
OPPORTUNITY.GOV,Department of Education,
STUDENTLOAN.GOV,Department of Education,
STUDENTLOANS.GOV,Department of Education,
STUDENTS.GOV,Department of Education,
TEACH.GOV,Department of Education,
TESTGSA1.GOV,Department of Education,
TESTGSA4.GOV,Department of Education,
YESICAN.GOV,Department of Education,
YESICANKIDS.GOV,Department of Education,
YIC.GOV,Department of Education,
YOSIPUEDO.GOV,Department of Education,
AMESLAB.GOV,Department of Energy,
ANL.GOV,Department of Energy,
ARM.GOV,Department of Energy,
BETTIS.GOV,Department of Energy,
BIOMASSBOARD.GOV,Department of Energy,
BNL.GOV,Department of Energy,
BPA.GOV,Department of Energy,
BRC.GOV,Department of Energy,
BUILDINGAMERICA.GOV,Department of Energy,
CASL.GOV,Department of Energy,
CCTP.GOV,Department of Energy,
CCTPO.GOV,Department of Energy,
CEBAF.GOV,Department of Energy,
CERC.GOV,Department of Energy,
CLEANENERGYRESEARCHCENTER.GOV,Department of Energy,
CLIMATECHANGE.GOV,Department of Energy,
CLIMATETECHNOLOGY.GOV,Department of Energy,
CLIMATEVISION.GOV,Department of Energy,
CRT2014-2024REVIEW.GOV,Department of Energy,
DOE.GOV,Department of Energy,
DOEAL.GOV,Department of Energy,
DOECHICAGO.GOV,Department of Energy,
EIA.GOV,Department of Energy,
ENERGY.GOV,Department of Energy,
ENERGYCODES.GOV,Department of Energy,
ENERGYEMPOWERS.GOV,Department of Energy,
ENERGYPARTNERS.GOV,Department of Energy,
ENERGYPLUS.GOV,Department of Energy,
ENERGYSAVER.GOV,Department of Energy,
ENERGYSAVERS.GOV,Department of Energy,
ENERGYSAVINGTIPS.GOV,Department of Energy,
ENERGYSMARTSCHOOLS.GOV,Department of Energy,
ENERGYTOOLSDIRECTORY.GOV,Department of Energy,
FNAL.GOV,Department of Energy,
FUELECONOMY.GOV,Department of Energy,
HANFORD.GOV,Department of Energy,
HIGHPERFORMANCEBUILDINGS.GOV,Department of Energy,
HOMEENERGYSCORE.GOV,Department of Energy,
HYDROGEN.GOV,Department of Energy,
HYDROGENITF.GOV,Department of Energy,
INEL.GOV,Department of Energy,
INL.GOV,Department of Energy,
ISCIENCE.GOV,Department of Energy,
ISOTOPE.GOV,Department of Energy,
ISOTOPES.GOV,Department of Energy,
JGI.GOV,Department of Energy,
KAPL.GOV,Department of Energy,
LANL.GOV,Department of Energy,
LLNL.GOV,Department of Energy,
LOSEYOUREXCUSE.GOV,Department of Energy,
NCCRC.GOV,Department of Energy,
NCCS.GOV,Department of Energy,
NCRC.GOV,Department of Energy,
NERSC.GOV,Department of Energy,
NEUP.GOV,Department of Energy,
NREL.GOV,Department of Energy,
NRELHUB.GOV,Department of Energy,
NTRC.GOV,Department of Energy,
NUCLEAR.GOV,Department of Energy,
OILSPILLCOMMISSION.GOV,Department of Energy,
ORAU.GOV,Department of Energy,
ORNL.GOV,Department of Energy,
OSTI.GOV,Department of Energy,
PETASCALECOMPUTING.GOV,Department of Energy,
PNL.GOV,Department of Energy,
PNNL.GOV,Department of Energy,
RFETS.GOV,Department of Energy,
RL.GOV,Department of Energy,
SALMONRECOVERY.GOV,Department of Energy,
SANDIA.GOV,Department of Energy,
SCIDAC.GOV,Department of Energy,
SCIENCE.GOV,Department of Energy,
SCIENCEACCELERATOR.GOV,Department of Energy,
SCIENCEEDUCATION.GOV,Department of Energy,
SENSORNET.GOV,Department of Energy,
SMARTGRID.GOV,Department of Energy,
SNS.GOV,Department of Energy,
SOLARDECATHLON.GOV,Department of Energy,
SRS.GOV,Department of Energy,
SWPA.GOV,Department of Energy,
UNNPP.GOV,Department of Energy,
UNRPNET.GOV,Department of Energy,
USBIOMASSBOARD.GOV,Department of Energy,
USCHINACERC.GOV,Department of Energy,
WAPA.GOV,Department of Energy,
WINDPOWERINGAMERICA.GOV,Department of Energy,
YMP.GOV,Department of Energy,
4GIRLS.GOV,Department of Health And Human Services,
4PARENTS.GOV,Department of Health And Human Services,
4WOMAN.GOV,Department of Health And Human Services,
4WOMEN.GOV,Department of Health And Human Services,
5ADAY.GOV,Department of Health And Human Services,
ACF.GOV,Department of Health And Human Services,
AFTERSCHOOL.GOV,Department of Health And Human Services,
AGINGSTATS.GOV,Department of Health And Human Services,
AHCPR.GOV,Department of Health And Human Services,
AHRQ.GOV,Department of Health And Human Services,
AIDS.GOV,Department of Health And Human Services,
AOA.GOV,Department of Health And Human Services,
AVIANFLU.GOV,Department of Health And Human Services,
BAM.GOV,Department of Health And Human Services,
BESTBONESFOREVER.GOV,Department of Health And Human Services,
BIOETHICS.GOV,Department of Health And Human Services,
BIOSECURITYBOARD.GOV,Department of Health And Human Services,
BIRDFLU.GOV,Department of Health And Human Services,
CANCER.GOV,Department of Health And Human Services,
CANCERNET.GOV,Department of Health And Human Services,
CANCERPREVENTION.GOV,Department of Health And Human Services,
CDC.GOV,Department of Health And Human Services,
CDCFEDERALADVISORYCOMMITTEE.GOV,Department of Health And Human Services,
CHILDCARE.GOV,Department of Health And Human Services,
CHILDWELFARE.GOV,Department of Health And Human Services,
CLINICALTRIAL.GOV,Department of Health And Human Services,
CLINICALTRIALS.GOV,Department of Health And Human Services,
CLUBDRUGS.GOV,Department of Health And Human Services,
CMMS.GOV,Department of Health And Human Services,
CMS.GOV,Department of Health And Human Services,
COGME.GOV,Department of Health And Human Services,
COLLEGEDRINKINGPREVENTION.GOV,Department of Health And Human Services,
COULDIHAVELUPUS.GOV,Department of Health And Human Services,
CUIDADODESALUD.GOV,Department of Health And Human Services,
DATAWEB.GOV,Department of Health And Human Services,
DHHS.GOV,Department of Health And Human Services,
DIABETESCOMMITTEE.GOV,Department of Health And Human Services,
DOCLINE.GOV,Department of Health And Human Services,
DRUGABUSE.GOV,Department of Health And Human Services,
DRUGFREEWORKPLACE.GOV,Department of Health And Human Services,
EDISON.GOV,Department of Health And Human Services,
ELDERCARE.GOV,Department of Health And Human Services,
ENDINGTHEDOCUMENTGAME.GOV,Department of Health And Human Services,
ERRP.GOV,Department of Health And Human Services,
FATHERHOOD.GOV,Department of Health And Human Services,
FDA.GOV,Department of Health And Human Services,
FINDYOUTHINFO.GOV,Department of Health And Human Services,
FITNESS.GOV,Department of Health And Human Services,
FLU.GOV,Department of Health And Human Services,
FOODREPORTSTUDY.GOV,Department of Health And Human Services,
FOODSAFETY.GOV,Department of Health And Human Services,
FORPARENTS.GOV,Department of Health And Human Services,
FORWOMAN.GOV,Department of Health And Human Services,
FORWOMEN.GOV,Department of Health And Human Services,
FOURPARENTS.GOV,Department of Health And Human Services,
FRUITSANDVEGGIESMATTER.GOV,Department of Health And Human Services,
FRUITSANDVEGGIESMOREMATTERS.GOV,Department of Health And Human Services,
GENBANK.GOV,Department of Health And Human Services,
GENOME.GOV,Department of Health And Human Services,
GIRLSHEALTH.GOV,Department of Health And Human Services,
GLOBALHEALTH.GOV,Department of Health And Human Services,
GRANTS.GOV,Department of Health And Human Services,
GRANTSOLUTIONS.GOV,Department of Health And Human Services,
GRIPEAVIAR.GOV,Department of Health And Human Services,
GRIPEPANDEMICA.GOV,Department of Health And Human Services,
GUIDELINE.GOV,Department of Health And Human Services,
GUIDELINES.GOV,Department of Health And Human Services,
H1N1FLU.GOV,Department of Health And Human Services,
HC.GOV,Department of Health And Human Services,
HCFA.GOV,Department of Health And Human Services,
HCQUALITYCOMMISSION.GOV,Department of Health And Human Services,
HEALTH.GOV,Department of Health And Human Services,
HEALTHCARE.GOV,Department of Health And Human Services,
HEALTHDATA.GOV,Department of Health And Human Services,
HEALTHFINDER.GOV,Department of Health And Human Services,
HEALTHIERUS.GOV,Department of Health And Human Services,
HEALTHINDICATORS.GOV,Department of Health And Human Services,
HEALTHIT.GOV,Department of Health And Human Services,
HEALTHREFORM.GOV,Department of Health And Human Services,
HEALTHYPEOPLE.GOV,Department of Health And Human Services,
HEARTTRUTH.GOV,Department of Health And Human Services,
HHS.GOV,Department of Health And Human Services,
HHSOIG.GOV,Department of Health And Human Services,
HHSOPS.GOV,Department of Health And Human Services,
HIV.GOV,Department of Health And Human Services,
HIVAIDS.GOV,Department of Health And Human Services,
HRSA.GOV,Department of Health And Human Services,
IAEGC.GOV,Department of Health And Human Services,
IEDISON.GOV,Department of Health And Human Services,
IGM.GOV,Department of Health And Human Services,
IGNET.GOV,Department of Health And Human Services,
IHS.GOV,Department of Health And Human Services,
IMPORTSAFETY.GOV,Department of Health And Human Services,
INSUREKIDSNOW.GOV,Department of Health And Human Services,
LOCATORPLUS.GOV,Department of Health And Human Services,
LONGTERMCARE.GOV,Department of Health And Human Services,
MEDICAID.GOV,Department of Health And Human Services,
MEDICALCOUNTERMEASURES.GOV,Department of Health And Human Services,
MEDICALRESERVECORPS.GOV,Department of Health And Human Services,
MEDICARE.GOV,Department of Health And Human Services,
MEDICAREFRAUD.GOV,Department of Health And Human Services,
MEDLARS.GOV,Department of Health And Human Services,
MEDLINE.GOV,Department of Health And Human Services,
MEDLINEPLUS.GOV,Department of Health And Human Services,
MENTALHEALTH.GOV,Department of Health And Human Services,
MENTALHEALTHCOMMISSION.GOV,Department of Health And Human Services,
MESH.GOV,Department of Health And Human Services,
MIMEDICARE.GOV,Department of Health And Human Services,
MYMEDICARE.GOV,Department of Health And Human Services,
NATIONALCHILDRENSSTUDY.GOV,Department of Health And Human Services,
NCIFCRF.GOV,Department of Health And Human Services,
NGC.GOV,Department of Health And Human Services,
NIH.GOV,Department of Health And Human Services,
NIHSENIORHEALTH.GOV,Department of Health And Human Services,
NIOSH.GOV,Department of Health And Human Services,
NLM.GOV,Department of Health And Human Services,
NNLM.GOV,Department of Health And Human Services,
OMHRC.GOV,Department of Health And Human Services,
ORGANDONOR.GOV,Department of Health And Human Services,
PACHA.GOV,Department of Health And Human Services,
PANDEMICFLU.GOV,Department of Health And Human Services,
PAPERWORKREDUCTION.GOV,Department of Health And Human Services,
PHE.GOV,Department of Health And Human Services,
PHINDIR.GOV,Department of Health And Human Services,
PLANLONGTERMCARE.GOV,Department of Health And Human Services,
PODRIAYOTENERLUPUS.GOV,Department of Health And Human Services,
PSC.GOV,Department of Health And Human Services,
PUBMED.GOV,Department of Health And Human Services,
PUBMEDCENTRAL.GOV,Department of Health And Human Services,
QUIC.GOV,Department of Health And Human Services,
QUICK.GOV,Department of Health And Human Services,
RECOVERYMONTH.GOV,Department of Health And Human Services,
SAFEYOUTH.GOV,Department of Health And Human Services,
SAMHSA.GOV,Department of Health And Human Services,
SELECTAGENT.GOV,Department of Health And Human Services,
SELECTAGENTS.GOV,Department of Health And Human Services,
SMALLPOX.GOV,Department of Health And Human Services,
SMALLSTEP.GOV,Department of Health And Human Services,
SMOKEFREE.GOV,Department of Health And Human Services,
STEROIDABUSE.GOV,Department of Health And Human Services,
STOPALCOHOLABUSE.GOV,Department of Health And Human Services,
STOPBULLYING.GOV,Department of Health And Human Services,
STOPMEDICAREFRAUD.GOV,Department of Health And Human Services,
SURGEONGENERAL.GOV,Department of Health And Human Services,
TALKINGQUALITY.GOV,Department of Health And Human Services,
THECOOLSPOT.GOV,Department of Health And Human Services,
THEDATAWEB.GOV,Department of Health And Human Services,
USABILITY.GOV,Department of Health And Human Services,
USPHS.GOV,Department of Health And Human Services,
VACCINES.GOV,Department of Health And Human Services,
WEBHEALTHSTUDY.GOV,Department of Health And Human Services,
WHCOA.GOV,Department of Health And Human Services,
WOMANSHEALTH.GOV,Department of Health And Human Services,
WOMENSHEALTH.GOV,Department of Health And Human Services,
BICE.GOV,Department of Homeland Security,
BIOMETRICS.GOV,Department of Homeland Security,
CAPITALALERT.GOV,Department of Homeland Security,
CAPITALALERTS.GOV,Department of Homeland Security,
CAPITALERT.GOV,Department of Homeland Security,
CAPITALERTS.GOV,Department of Homeland Security,
CAPITOLALERT.GOV,Department of Homeland Security,
CAPITOLALERTS.GOV,Department of Homeland Security,
CITIZENCORPS.GOV,Department of Homeland Security,
CPNIREPORTING.GOV,Department of Homeland Security,
CUSTOMS.GOV,Department of Homeland Security,
DHS.GOV,Department of Homeland Security,
DISABILITYPREPAREDNESS.GOV,Department of Homeland Security,
DISASTERASSISTANCE.GOV,Department of Homeland Security,
DISASTERHELP.GOV,Department of Homeland Security,
FEMA.GOV,Department of Homeland Security,
FERO.GOV,Department of Homeland Security,
FIRESAFETY.GOV,Department of Homeland Security,
FIRSTRESPONDER.GOV,Department of Homeland Security,
FIRSTRESPONDERTRAINING.GOV,Department of Homeland Security,
FLETA.GOV,Department of Homeland Security,
FLETC.GOV,Department of Homeland Security,
FLETCDLP.GOV,Department of Homeland Security,
FLETCELEARN.GOV,Department of Homeland Security,
FLIGHTSCHOOLCANDIDATES.GOV,Department of Homeland Security,
FLOODSMART.GOV,Department of Homeland Security,
GETCAPITALALERTS.GOV,Department of Homeland Security,
GETCAPITOLALERTS.GOV,Department of Homeland Security,
GPS.GOV,Department of Homeland Security,
HOMELANDSECURITY.GOV,Department of Homeland Security,
HSIN.GOV,Department of Homeland Security,
ICE.GOV,Department of Homeland Security,
IPRC.GOV,Department of Homeland Security,
IPRCC.GOV,Department of Homeland Security,
IPRCENTER.GOV,Department of Homeland Security,
LISTO.GOV,Department of Homeland Security,
LLIS.GOV,Department of Homeland Security,
MYCAPITALALERT.GOV,Department of Homeland Security,
MYCAPITALERT.GOV,Department of Homeland Security,
NCS.GOV,Department of Homeland Security,
NIPRC.GOV,Department of Homeland Security,
NIPRCC.GOV,Department of Homeland Security,
NMSC.GOV,Department of Homeland Security,
READY.GOV,Department of Homeland Security,
READYBUSINESS.GOV,Department of Homeland Security,
RESTORETHEGULF.GOV,Department of Homeland Security,
SAFECOMPROGRAM.GOV,Department of Homeland Security,
SAFETYACT.GOV,Department of Homeland Security,
SECRETSERVICE.GOV,Department of Homeland Security,
TSA.GOV,Department of Homeland Security,
US-CERT.GOV,Department of Homeland Security,
USBORDERPATROL.GOV,Department of Homeland Security,
USBP.GOV,Department of Homeland Security,
USCERT.GOV,Department of Homeland Security,
USCG.GOV,Department of Homeland Security,
USCIS.GOV,Department of Homeland Security,
USFAPARENTS.GOV,Department of Homeland Security,
USSS.GOV,Department of Homeland Security,
DISASTERHOUSING.GOV,Department of Housing And Urban Development,
DISASTERRECOVERYWORKINGGROUP.GOV,Department of Housing And Urban Development,
FAIRHOUSINGFIRST.GOV,Department of Housing And Urban Development,
FHA-SECURE.GOV,Department of Housing And Urban Development,
FHA.GOV,Department of Housing And Urban Development,
FHAOUTREACH.GOV,Department of Housing And Urban Development,
FHASECURE.GOV,Department of Housing And Urban Development,
GINNIEMAE.GOV,Department of Housing And Urban Development,
HOMESALES.GOV,Department of Housing And Urban Development,
HUD.GOV,Department of Housing And Urban Development,
HUDOIG.GOV,Department of Housing And Urban Development,
HVUHUD.GOV,Department of Housing And Urban Development,
MORTGAGEFRAUD.GOV,Department of Housing And Urban Development,
NATIONALHOUSING.GOV,Department of Housing And Urban Development,
NATIONALHOUSINGLOCATOR.GOV,Department of Housing And Urban Development,
NHL.GOV,Department of Housing And Urban Development,
NLS.GOV,Department of Housing And Urban Development,
ADA.GOV,Department of Justice,
ADR.GOV,Department of Justice,
AMBERALERT.GOV,Department of Justice,
ATF.GOV,Department of Justice,
ATFE.GOV,Department of Justice,
ATFONLINE.GOV,Department of Justice,
BATS.GOV,Department of Justice,
BIOMETRICCOE.GOV,Department of Justice,
BJA.GOV,Department of Justice,
BJS.GOV,Department of Justice,
BOP.GOV,Department of Justice,
CJIS.GOV,Department of Justice,
COUNTERTERRORISMTRAINING.GOV,Department of Justice,
CP.GOV,Department of Justice,
CRIMESOLUTIONS.GOV,Department of Justice,
CRIMEVICTIMS.GOV,Department of Justice,
CYBERCRIME.GOV,Department of Justice,
CYBERSAFE.GOV,Department of Justice,
DCCOMMUNITYPROSECUTION.GOV,Department of Justice,
DEA.GOV,Department of Justice,
DEADIVERSION.GOV,Department of Justice,
DEAECOM.GOV,Department of Justice,
DEALS.GOV,Department of Justice,
DNA.GOV,Department of Justice,
DOJ.GOV,Department of Justice,
DOJISAC.GOV,Department of Justice,
DSAC.GOV,Department of Justice,
EGUARDIAN.GOV,Department of Justice,
ENDITNOW.GOV,Department of Justice,
EPIC.GOV,Department of Justice,
EPIC2.GOV,Department of Justice,
ESP.GOV,Department of Justice,
ESPANOLFORLAWENFORCEMENT.GOV,Department of Justice,
FARA.GOV,Department of Justice,
FBI.GOV,Department of Justice,
FBIJOBS.GOV,Department of Justice,
FIRSTFREEDOM.GOV,Department of Justice,
FOIA.GOV,Department of Justice,
FORENSICSCIENCE.GOV,Department of Justice,
FORFEITURE.GOV,Department of Justice,
GETSMARTABOUTDRUGS.GOV,Department of Justice,
HELPINGAMERICASYOUTH.GOV,Department of Justice,
IC3.GOV,Department of Justice,
INTERPOL.GOV,Department of Justice,
IWN.GOV,Department of Justice,
JUSTICE.GOV,Department of Justice,
JUSTTHINKTWICE.GOV,Department of Justice,
JUVENILECOUNCIL.GOV,Department of Justice,
LEARNATF.GOV,Department of Justice,
LEARNDOJ.GOV,Department of Justice,
LEISP.GOV,Department of Justice,
LEO.GOV,Department of Justice,
LEP.GOV,Department of Justice,
LEXS.GOV,Department of Justice,
LOOKSTOOGOOD.GOV,Department of Justice,
LOOKSTOOGOODTOBETRUE.GOV,Department of Justice,
MEDALOFVALOR.GOV,Department of Justice,
METHRESOURCES.GOV,Department of Justice,
NAMUS.GOV,Department of Justice,
NATIONALGANGCENTER.GOV,Department of Justice,
NATIONALINSTITUTEOFCORRECTIONS.GOV,Department of Justice,
NCIRC.GOV,Department of Justice,
NCJRS.GOV,Department of Justice,
NIBIN.GOV,Department of Justice,
NICIC.GOV,Department of Justice,
NICSEZCHECKFBI.GOV,Department of Justice,
NIEM.GOV,Department of Justice,
NIJ.GOV,Department of Justice,
NMVTIS.GOV,Department of Justice,
NSOPR.GOV,Department of Justice,
NSOPW.GOV,Department of Justice,
NVTC.GOV,Department of Justice,
OJJDP.GOV,Department of Justice,
OJP.GOV,Department of Justice,
ONEDOJ.GOV,Department of Justice,
OVC.GOV,Department of Justice,
OVCTTAC.GOV,Department of Justice,
PROJECTSAFECHILDHOOD.GOV,Department of Justice,
PROJECTSAFENEIGHBORHOODS.GOV,Department of Justice,
PSN.GOV,Department of Justice,
PSOB.GOV,Department of Justice,
PSWN.GOV,Department of Justice,
PUBLICSAFETYOFFICERSBENEFITS.GOV,Department of Justice,
RCFL.GOV,Department of Justice,
RECOMPENSAS.GOV,Department of Justice,
REENTRY.GOV,Department of Justice,
SCRA.GOV,Department of Justice,
SERVICEMEMBERS.GOV,Department of Justice,
SMART.GOV,Department of Justice,
STOPFRAUD.GOV,Department of Justice,
TECHTRACK.GOV,Department of Justice,
TRIBALJUSTICEANDSAFETY.GOV,Department of Justice,
TSC.GOV,Department of Justice,
UCORE.GOV,Department of Justice,
UCRDATATOOL.GOV,Department of Justice,
ULEX.GOV,Department of Justice,
UNICOR.GOV,Department of Justice,
USDOJ.GOV,Department of Justice,
USERRA.GOV,Department of Justice,
USMARSHALS.GOV,Department of Justice,
VEHICLEHISTORY.GOV,Department of Justice,
AMERICASHEROESATWORK.GOV,Department of Labor,
AUTOCOMMUNITIES.GOV,Department of Labor,
BENEFITS.GOV,Department of Labor,
BLS.GOV,Department of Labor,
DEPARTMENTOFLABOR.GOV,Department of Labor,
DISABILITIES.GOV,Department of Labor,
DISABILITY.GOV,Department of Labor,
DISABILITYINFO.GOV,Department of Labor,
DOL-ESA.GOV,Department of Labor,
DOL-UNION-REPORTS.GOV,Department of Labor,
DOL.GOV,Department of Labor,
DOLETA.GOV,Department of Labor,
GOVBENEFITS.GOV,Department of Labor,
GOVLOANS.GOV,Department of Labor,
HIREVETSFIRST.GOV,Department of Labor,
JOBCORPS.GOV,Department of Labor,
LABOR.GOV,Department of Labor,
MINE.GOV,Department of Labor,
MSHA.GOV,Department of Labor,
MYNEXTMOVE.GOV,Department of Labor,
OSHA.GOV,Department of Labor,
UNIONREPORTS.GOV,Department of Labor,
WHISTLEBLOWERS.GOV,Department of Labor,
WRP.GOV,Department of Labor,
YOUTH2WORK.GOV,Department of Labor,
YOUTHRULES.GOV,Department of Labor,
AMERICA.GOV,Department of State,
APEC2011.GOV,Department of State,
CIVILIANRESPONSECORPS.GOV,Department of State,
CWC.GOV,Department of State,
DEMOCRACY.GOV,Department of State,
DTS.GOV,Department of State,
ECOPARTNERSHIPS.GOV,Department of State,
FEDVTE-FSI.GOV,Department of State,
FOREIGNASSISTANCE.GOV,Department of State,
FSGB.GOV,Department of State,
GHI.GOV,Department of State,
HUMANRIGHTS.GOV,Department of State,
IAWG.GOV,Department of State,
IBWC.GOV,Department of State,
ICASS.GOV,Department of State,
IPR.GOV,Department of State,
OSAC.GOV,Department of State,
PEPFAR.GOV,Department of State,
SDP.GOV,Department of State,
STATE.GOV,Department of State,
UNITEDSTATESVISAS.GOV,Department of State,
USAC.GOV,Department of State,
USCIRF.GOV,Department of State,
USCONSULATE.GOV,Department of State,
USEMBASSY-MEXICO.GOV,Department of State,
USEMBASSY.GOV,Department of State,
USINT.GOV,Department of State,
USINTERESTSECTION.GOV,Department of State,
USMISSION.GOV,Department of State,
USVPP.GOV,Department of State,
ABANDONEDMINES.GOV,Department of the Interior,
ACWI.GOV,Department of the Interior,
AFF.GOV,Department of the Interior,
ALASKACENTERS.GOV,Department of the Interior,
AMERICANLATINOMUSEUM.GOV,Department of the Interior,
AMERICASGREATOUTDOORS.GOV,Department of the Interior,
ANSTASKFORCE.GOV,Department of the Interior,
BIA.GOV,Department of the Interior,
BIOECO.GOV,Department of the Interior,
BLM.GOV,Department of the Interior,
BLMNTL.GOV,Department of the Interior,
BOEM.GOV,Department of the Interior,
BOEMRE.GOV,Department of the Interior,
BOR.GOV,Department of the Interior,
BSEE.GOV,Department of the Interior,
C3.GOV,Department of the Interior,
COAST2050.GOV,Department of the Interior,
CONSERVATION.GOV,Department of the Interior,
COOPERATIVECONSERVATION.GOV,Department of the Interior,
CORALREEF.GOV,Department of the Interior,
CUPCAO.GOV,Department of the Interior,
CYPRIS.GOV,Department of the Interior,
DATA.GOV,Department of the Interior,
DENALI.GOV,Department of the Interior,
DESERTTORTOISE.GOV,Department of the Interior,
DOI.GOV,Department of the Interior,
DOIOIG.GOV,Department of the Interior,
EARTHQUAKE.GOV,Department of the Interior,
ERIECANAL.GOV,Department of the Interior,
ERIECANALWAY.GOV,Department of the Interior,
FGDC.GOV,Department of the Interior,
FIRECODE.GOV,Department of the Interior,
FIRELEADERSHIP.GOV,Department of the Interior,
FIRENET.GOV,Department of the Interior,
FIRESCIENCE.GOV,Department of the Interior,
FRCC.GOV,Department of the Interior,
FROGWEB.GOV,Department of the Interior,
FSAM.GOV,Department of the Interior,
FWS.GOV,Department of the Interior,
GCDAMP.GOV,Department of the Interior,
GCMRC.GOV,Department of the Interior,
GEOCOMMUNICATOR.GOV,Department of the Interior,
GEODATA.GOV,Department of the Interior,
GEOMAC.GOV,Department of the Interior,
GOVPAY.GOV,Department of the Interior,
GOVWORKS.GOV,Department of the Interior,
HISTORICPRESERVATION.GOV,Department of the Interior,
IAT.GOV,Department of the Interior,
INDIANAFFAIRS.GOV,Department of the Interior,
INDIANCOUNTRY.GOV,Department of the Interior,
INTERIOR.GOV,Department of the Interior,
INVASIVESPECIES.GOV,Department of the Interior,
ISLANDBUSINESSLINK.GOV,Department of the Interior,
JEM.GOV,Department of the Interior,
KLAMATHRESTORATION.GOV,Department of the Interior,
LACOAST.GOV,Department of the Interior,
LANDFIRE.GOV,Department of the Interior,
LANDIMAGING.GOV,Department of the Interior,
LCA.GOV,Department of the Interior,
LCRMSCP.GOV,Department of the Interior,
LMVSCI.GOV,Department of the Interior,
LOWERMISSISSIPPIVALLEYSCIENCE.GOV,Department of the Interior,
MAPAPLANET.GOV,Department of the Interior,
MARINE.GOV,Department of the Interior,
MITIGATIONCOMMISSION.GOV,Department of the Interior,
MMS.GOV,Department of the Interior,
MRGO.GOV,Department of the Interior,
MRLC.GOV,Department of the Interior,
NATIONALATLAS.GOV,Department of the Interior,
NATIONALMAP.GOV,Department of the Interior,
NBC.GOV,Department of the Interior,
NBII.GOV,Department of the Interior,
NDEP.GOV,Department of the Interior,
NDOP.GOV,Department of the Interior,
NEMI.GOV,Department of the Interior,
NFPORS.GOV,Department of the Interior,
NIFC.GOV,Department of the Interior,
NIFTT.GOV,Department of the Interior,
NMFIREINFO.GOV,Department of the Interior,
NOLAENVIRONMENTAL.GOV,Department of the Interior,
NPS.GOV,Department of the Interior,
NWFIREPLAN.GOV,Department of the Interior,
ONHIR.GOV,Department of the Interior,
ONRR.GOV,Department of the Interior,
OSM.GOV,Department of the Interior,
OSMRE.GOV,Department of the Interior,
PARK.GOV,Department of the Interior,
PEOPLELANDANDWATER.GOV,Department of the Interior,
PIEDRASBLANCAS.GOV,Department of the Interior,
RECLAMATION.GOV,Department of the Interior,
REPORTBAND.GOV,Department of the Interior,
RIMCOWG.GOV,Department of the Interior,
RIVERS.GOV,Department of the Interior,
SAFECOM.GOV,Department of the Interior,
SCIENCEBASE.GOV,Department of the Interior,
SDI.GOV,Department of the Interior,
SIERRANEVADAWILD.GOV,Department of the Interior,
SIERRAWILD.GOV,Department of the Interior,
SIERRAWILDBEAR.GOV,Department of the Interior,
SNAP.GOV,Department of the Interior,
TAKEPRIDE.GOV,Department of the Interior,
USBR.GOV,Department of the Interior,
USCITES.GOV,Department of the Interior,
USGS.GOV,Department of the Interior,
UTAHFIREINFO.GOV,Department of the Interior,
VOLCANO.GOV,Department of the Interior,
VOLUNTEER.GOV,Department of the Interior,
WATERMONITOR.GOV,Department of the Interior,
WATERSMART.GOV,Department of the Interior,
WILDFIRE.GOV,Department of the Interior,
WILDLIFEADAPTATIONSTRATEGY.GOV,Department of the Interior,
WLCI.GOV,Department of the Interior,
YOUTHGO.GOV,Department of the Interior,
ACD.GOV,Department of the Treasury,
AMA.GOV,Department of the Treasury,
AMERICATHEBEAUTIFULQUARTERS.GOV,Department of the Treasury,
ASAP.GOV,Department of the Treasury,
ATBQUARTERS.GOV,Department of the Treasury,
AYUDACONMIBANCO.GOV,Department of the Treasury,
BANKANSWERS.GOV,Department of the Treasury,
BANKCUSTOMER.GOV,Department of the Treasury,
BANKCUSTOMERASSISTANCE.GOV,Department of the Treasury,
BANKHELP.GOV,Department of the Treasury,
BANKNET.GOV,Department of the Treasury,
BCFP.GOV,Department of the Treasury,
BEP.GOV,Department of the Treasury,
BFEM.GOV,Department of the Treasury,
BONDPRO.GOV,Department of the Treasury,
BSADIRECT.GOV,Department of the Treasury,
BUYBONDS.GOV,Department of the Treasury,
CASHLINK2.GOV,Department of the Treasury,
CASHTRACK.GOV,Department of the Treasury,
CCAC.GOV,Department of the Treasury,
CDFIFUND.GOV,Department of the Treasury,
CDFIFUNDHELP.GOV,Department of the Treasury,
CFA.GOV,Department of the Treasury,
CFPA.GOV,Department of the Treasury,
CFPB.GOV,Department of the Treasury,
COLASONLINE.GOV,Department of the Treasury,
COMPLAINTREFERRALEXPRESS.GOV,Department of the Treasury,
COMPTROLLEROFTHECURRENCY.GOV,Department of the Treasury,
CONSUMERBUREAU.GOV,Department of the Treasury,
CONSUMERFINANCE.GOV,Department of the Treasury,
CONSUMERFINANCIAL.GOV,Department of the Treasury,
CONSUMERFINANCIALBUREAU.GOV,Department of the Treasury,
CONSUMERFINANCIALPROTECTIONBUREAU.GOV,Department of the Treasury,
CONSUMERPROTECTION.GOV,Department of the Treasury,
CONSUMERPROTECTIONBUREAU.GOV,Department of the Treasury,
CONTROLYOURCREDIT.GOV,Department of the Treasury,
DIRECTOASUCUENTA.GOV,Department of the Treasury,
DIRECTOASUCUENTA1.GOV,Department of the Treasury,
EASYSAVER.GOV,Department of the Treasury,
EEBOND.GOV,Department of the Treasury,
EFILE.GOV,Department of the Treasury,
EFTPS-NORTH.GOV,Department of the Treasury,
EFTPS-SOUTH.GOV,Department of the Treasury,
EFTPS.GOV,Department of the Treasury,
EFTPSNORTH.GOV,Department of the Treasury,
EFTPSSOUTH.GOV,Department of the Treasury,
EMPLOYERS.GOV,Department of the Treasury,
ETA-FIND.GOV,Department of the Treasury,
ETAAPS.GOV,Department of the Treasury,
ETAREPORT.GOV,Department of the Treasury,
ETHICS.GOV,Department of the Treasury,
ETHICSBURG.GOV,Department of the Treasury,
EYENOTE.GOV,Department of the Treasury,
FAST.GOV,Department of the Treasury,
FBA.GOV,Department of the Treasury,
FBCA.GOV,Department of the Treasury,
FCG.GOV,Department of the Treasury,
FEDDEBT.GOV,Department of the Treasury,
FEDERALBENEFITS.GOV,Department of the Treasury,
FEDERALINVESTMENTS.GOV,Department of the Treasury,
FEDINVEST.GOV,Department of the Treasury,
FEDINVESTONLINE.GOV,Department of the Treasury,
FEDITG.GOV,Department of the Treasury,
FEDSOURCE.GOV,Department of the Treasury,
FFB.GOV,Department of the Treasury,
FINANCIALSTABILITY.GOV,Department of the Treasury,
FINCEN.GOV,Department of the Treasury,
FLWSB.GOV,Department of the Treasury,
FPS.GOV,Department of the Treasury,
FQCG.GOV,Department of the Treasury,
FSOC.GOV,Department of the Treasury,
FTTESTTWAI.GOV,Department of the Treasury,
GODIRECT.GOV,Department of the Treasury,
GODIRECT1.GOV,Department of the Treasury,
GOTO.GOV,Department of the Treasury,
GWA.GOV,Department of the Treasury,
HELPWITHMYBANK.GOV,Department of the Treasury,
HELPWITHMYCHECKINGACCOUNT.GOV,Department of the Treasury,
HELPWITHMYCREDITCARD.GOV,Department of the Treasury,
HELPWITHMYCREDITCARDBANK.GOV,Department of the Treasury,
HELPWITHMYMORTGAGE.GOV,Department of the Treasury,
HELPWITHMYMORTGAGEBANK.GOV,Department of the Treasury,
HHBOND.GOV,Department of the Treasury,
IBOND.GOV,Department of the Treasury,
ICCC.GOV,Department of the Treasury,
IDD.GOV,Department of the Treasury,
IPAC.GOV,Department of the Treasury,
IPP.GOV,Department of the Treasury,
IRS.GOV,Department of the Treasury,
IRSAUCTIONS.GOV,Department of the Treasury,
IRSNET.GOV,Department of the Treasury,
IRSSALES.GOV,Department of the Treasury,
IRSVIDEOS.GOV,Department of the Treasury,
ITS.GOV,Department of the Treasury,
LEARNING.GOV,Department of the Treasury,
MAKINGHOMEAFFORDABLE.GOV,Department of the Treasury,
MAKINGHOMESAFFORDABLE.GOV,Department of the Treasury,
MANEJESUCREDITO.GOV,Department of the Treasury,
MHA.GOV,Department of the Treasury,
MONEYFACTORY.GOV,Department of the Treasury,
MONEYFACTORYSTORE.GOV,Department of the Treasury,
MSB.GOV,Department of the Treasury,
MVD.GOV,Department of the Treasury,
MYACCOUNTCARD.GOV,Department of the Treasury,
MYHOMEAFFORDABLE.GOV,Department of the Treasury,
MYMONEY.GOV,Department of the Treasury,
NATIONALBANK.GOV,Department of the Treasury,
NATIONALBANKHELP.GOV,Department of the Treasury,
NATIONALBANKNET.GOV,Department of the Treasury,
NAVYCASH.GOV,Department of the Treasury,
OCC.GOV,Department of the Treasury,
OCCHELPS.GOV,Department of the Treasury,
OCCNET.GOV,Department of the Treasury,
OGF.GOV,Department of the Treasury,
OTS.GOV,Department of the Treasury,
PATRIOTBONDS.GOV,Department of the Treasury,
PAY.GOV,Department of the Treasury,
PAYMENTACCURACY.GOV,Department of the Treasury,
PCCOTC.GOV,Department of the Treasury,
PFI.GOV,Department of the Treasury,
PRACOMMENT.GOV,Department of the Treasury,
QATESTTWAI.GOV,Department of the Treasury,
SAVBONDS.GOV,Department of the Treasury,
SAVINGSBOND.GOV,Department of the Treasury,
SAVINGSBONDCONNECTION.GOV,Department of the Treasury,
SAVINGSBONDS.GOV,Department of the Treasury,
SAVINGSBONDSDIRECT.GOV,Department of the Treasury,
SAVINGSBONDUNIVERSITY.GOV,Department of the Treasury,
SAVINGSBONDWIZARD.GOV,Department of the Treasury,
SBU.GOV,Department of the Treasury,
SIGTARP.GOV,Department of the Treasury,
SLGS.GOV,Department of the Treasury,
TAAPS.GOV,Department of the Treasury,
TAAPSCONNECT.GOV,Department of the Treasury,
TAAPSLINK.GOV,Department of the Treasury,
TARP.GOV,Department of the Treasury,
TAX.GOV,Department of the Treasury,
TCIS.GOV,Department of the Treasury,
TESORODIRECTO.GOV,Department of the Treasury,
TGANET.GOV,Department of the Treasury,
TIGTA.GOV,Department of the Treasury,
TIGTANET.GOV,Department of the Treasury,
TREAS.GOV,Department of the Treasury,
TREASITDASH.GOV,Department of the Treasury,
TREASLOCKBOX.GOV,Department of the Treasury,
TREASURY.GOV,Department of the Treasury,
TREASURYAUCTION.GOV,Department of the Treasury,
TREASURYAUCTIONS.GOV,Department of the Treasury,
TREASURYDIRECT.GOV,Department of the Treasury,
TREASURYECM.GOV,Department of the Treasury,
TREASURYHUNT.GOV,Department of the Treasury,
TREASURYSCAMS.GOV,Department of the Treasury,
TREASURYSECURITIES.GOV,Department of the Treasury,
TRS.GOV,Department of the Treasury,
TTB.GOV,Department of the Treasury,
TTBONLINE.GOV,Department of the Treasury,
TTLPLUS.GOV,Department of the Treasury,
TWAI.GOV,Department of the Treasury,
UHRGOLDCOIN.GOV,Department of the Treasury,
USBOND.GOV,Department of the Treasury,
USBONDS.GOV,Department of the Treasury,
USDEBITCARD.GOV,Department of the Treasury,
USEDOLLARCOINS.GOV,Department of the Treasury,
USMINT.GOV,Department of the Treasury,
USMINTINFO.GOV,Department of the Treasury,
USMINTUNIVERSITY.GOV,Department of the Treasury,
USSAVINGSBOND.GOV,Department of the Treasury,
USSAVINGSBONDS.GOV,Department of the Treasury,
USTREAS.GOV,Department of the Treasury,
WIZARD.GOV,Department of the Treasury,
WORKPLACE.GOV,Department of the Treasury,
911.GOV,Department of Transportation,
ADS-B.GOV,Department of Transportation,
ADSB.GOV,Department of Transportation,
BOOSTERSEAT.GOV,Department of Transportation,
BTS.GOV,Department of Transportation,
CARS.GOV,Department of Transportation,
CFLHD.GOV,Department of Transportation,
CIOT.GOV,Department of Transportation,
CLICKITORTICKET.GOV,Department of Transportation,
COMMUTER.GOV,Department of Transportation,
DISTRACTEDDRIVING.GOV,Department of Transportation,
DISTRACTION.GOV,Department of Transportation,
DOT.GOV,Department of Transportation,
DOTIDEAHUB.GOV,Department of Transportation,
DOTTRAFFICRECORDS.GOV,Department of Transportation,
DOTTRCC.GOV,Department of Transportation,
EMERGENCYMEDICALSERVICES.GOV,Department of Transportation,
EMS.GOV,Department of Transportation,
ESC.GOV,Department of Transportation,
FAA.GOV,Department of Transportation,
FAASAFETY.GOV,Department of Transportation,
FDR.GOV,Department of Transportation,
FEA.GOV,Department of Transportation,
FICEMS.GOV,Department of Transportation,
FMIP.GOV,Department of Transportation,
HVEDATA.GOV,Department of Transportation,
INTELLIGENTVEHICLES.GOV,Department of Transportation,
ITALLADDSUP.GOV,Department of Transportation,
JCCBI.GOV,Department of Transportation,
JPDO.GOV,Department of Transportation,
LIVABILITY.GOV,Department of Transportation,
MARVIEW.GOV,Department of Transportation,
MDA.GOV,Department of Transportation,
MYFAA.GOV,Department of Transportation,
NHTSA.GOV,Department of Transportation,
NTDPROGRAM.GOV,Department of Transportation,
OPENDOT.GOV,Department of Transportation,
PLAINLANGUAGE.GOV,Department of Transportation,
PROJECTHEADLANDS.GOV,Department of Transportation,
PROTECTYOURMOVE.GOV,Department of Transportation,
SAFERCAR.GOV,Department of Transportation,
SAFERCARS.GOV,Department of Transportation,
SAFERTRUCK.GOV,Department of Transportation,
SAFERTRUCKS.GOV,Department of Transportation,
SAFETRUCKS.GOV,Department of Transportation,
SHARETHEROADSAFELY.GOV,Department of Transportation,
SUSTAINABLECOMMUNITIES.GOV,Department of Transportation,
SWIM.GOV,Department of Transportation,
TFHRC.GOV,Department of Transportation,
TRAFFIC.GOV,Department of Transportation,
TRAFFICSAFETYMARKETING.GOV,Department of Transportation,
TRANSPORTATION.GOV,Department of Transportation,
TRANSPORTATIONRESEARCH.GOV,Department of Transportation,
TRANSPORTATIONSAFETY.GOV,Department of Transportation,
TRAVEL.GOV,Department of Transportation,
UNITEDWERIDE.GOV,Department of Transportation,
USDOTBUSINESSCATALOG.GOV,Department of Transportation,
VISUALDOT.GOV,Department of Transportation,
AITC.GOV,Department of Veterans Affairs,
CDCO.GOV,Department of Veterans Affairs,
NATIONALRESOURCEDIRECTORY.GOV,Department of Veterans Affairs,
NRD.GOV,Department of Veterans Affairs,
PATIENTSAFETY.GOV,Department of Veterans Affairs,
VA.GOV,Department of Veterans Affairs,
VET-BIZ.GOV,Department of Veterans Affairs,
VETBIZ.GOV,Department of Veterans Affairs,
VETSUCCESS.GOV,Department of Veterans Affairs,
BTO.GOV,Director of National Intelligence,
COUNTERWMD.GOV,Director of National Intelligence,
DNI.GOV,Director of National Intelligence,
DNIS.GOV,Director of National Intelligence,
DNITS.GOV,Director of National Intelligence,
DNIU.GOV,Director of National Intelligence,
GMSA.GOV,Director of National Intelligence,
IARPA-IDEAS.GOV,Director of National Intelligence,
IARPA.GOV,Director of National Intelligence,
ICJOINTDUTY.GOV,Director of National Intelligence,
ICS.GOV,Director of National Intelligence,
INTELINK.GOV,Director of National Intelligence,
INTELLIGENCE.GOV,Director of National Intelligence,
ISE.GOV,Director of National Intelligence,
NMIC.GOV,Director of National Intelligence,
ODNI.GOV,Director of National Intelligence,
OSIS.GOV,Director of National Intelligence,
OSIS2.GOV,Director of National Intelligence,
TSGOV.GOV,Director of National Intelligence,
UGOV.GOV,Director of National Intelligence,
AIRNOW.GOV,Environmental Protection Agency,
AQI.GOV,Environmental Protection Agency,
CBI-EPA.GOV,Environmental Protection Agency,
CLIMATECHOICE.GOV,Environmental Protection Agency,
EARTHDAY.GOV,Environmental Protection Agency,
EMERGINGTECHNOLOGIES.GOV,Environmental Protection Agency,
ENERGYSTAR.GOV,Environmental Protection Agency,
ENVIRONMENT.GOV,Environmental Protection Agency,
EPA-ECHO.GOV,Environmental Protection Agency,
EPA-OTIS.GOV,Environmental Protection Agency,
EPA.GOV,Environmental Protection Agency,
ERULEMAKING.GOV,Environmental Protection Agency,
FDMS.GOV,Environmental Protection Agency,
FEDCENTER.GOV,Environmental Protection Agency,
FEDITSOLUTIONS.GOV,Environmental Protection Agency,
GREENGOV.GOV,Environmental Protection Agency,
GREENIT.GOV,Environmental Protection Agency,
HOMEPERFORMANCE.GOV,Environmental Protection Agency,
HOMEPERFORMANCEWITHENERGYSTAR.GOV,Environmental Protection Agency,
HOMESTAR.GOV,Environmental Protection Agency,
LABS21CENTURY.GOV,Environmental Protection Agency,
MNRG.GOV,Environmental Protection Agency,
OFEE.GOV,Environmental Protection Agency,
REGULATION.GOV,Environmental Protection Agency,
REGULATIONS.GOV,Environmental Protection Agency,
RELOCATEFEDS.GOV,Environmental Protection Agency,
SUSTAINABILITY.GOV,Environmental Protection Agency,
URBANWATERS.GOV,Environmental Protection Agency,
USDEP.GOV,Environmental Protection Agency,
USENVIRONMENT.GOV,Environmental Protection Agency,
WEB-SERVICES.GOV,Environmental Protection Agency,
EEOC.GOV,Equal Employment Opportunity Commission,
ASTRONGERMIDDLECLASS.GOV,Executive Office of the President,
ASTRONGMIDDLECLASS.GOV,Executive Office of the President,
BUDGET.GOV,Executive Office of the President,
CHANGE.GOV,Executive Office of the President,
CYBERSECURITY.GOV,Executive Office of the President,
EARMARKS.GOV,Executive Office of the President,
EGOV.GOV,Executive Office of the President,
EOP.GOV,Executive Office of the President,
EXPECTMORE.GOV,Executive Office of the President,
EXRWH.GOV,Executive Office of the President,
FBCI.GOV,Executive Office of the President,
FIRSTLADY.GOV,Executive Office of the President,
FISCALCOMMISSION.GOV,Executive Office of the President,
HOLDINGBPACCOUNTABLE.GOV,Executive Office of the President,
JOININGFORCES.GOV,Executive Office of the President,
LETSMOVE.GOV,Executive Office of the President,
MAX.GOV,Executive Office of the President,
NEPA.GOV,Executive Office of the President,
NSC.GOV,Executive Office of the President,
OFSUBSTANCE.GOV,Executive Office of the President,
OMB.GOV,Executive Office of the President,
OMBLOG.GOV,Executive Office of the President,
ONDCP.GOV,Executive Office of the President,
OSTP.GOV,Executive Office of the President,
PRESIDIO.GOV,Executive Office of the President,
PRESIDIOTRUST.GOV,Executive Office of the President,
PUSHINGBACK.GOV,Executive Office of the President,
REMEMBER.GOV,Executive Office of the President,
RESULTS.GOV,Executive Office of the President,
SAFESCHOOLS.GOV,Executive Office of the President,
SAVE.GOV,Executive Office of the President,
SAVEAWARD.GOV,Executive Office of the President,
SCHOOLSAFETY.GOV,Executive Office of the President,
STRONGERMIDDLECLASS.GOV,Executive Office of the President,
STRONGMIDDLECLASS.GOV,Executive Office of the President,
USTR.GOV,Executive Office of the President,
WH.GOV,Executive Office of the President,
WHITEHOUSE.GOV,Executive Office of the President,
WHITEHOUSEDRUGPOLICY.GOV,Executive Office of the President,
WHITEHOUSEFELLOWS.GOV,Executive Office of the President,
WHITEHOUSEKIDS.GOV,Executive Office of the President,
WMD.GOV,Executive Office of the President,
EXIM.GOV,Export/Import Bank of the U.S.,
EXIMCOOP.GOV,Export/Import Bank of the U.S.,
US-EXIMBANK.GOV,Export/Import Bank of the U.S.,
USEXIMBANK.GOV,Export/Import Bank of the U.S.,
FCA.GOV,Farm Credit Administration,
FCSIC.GOV,Farm Credit Administration,
800MHZ.GOV,Federal Communications Commission,
BROADBAND.GOV,Federal Communications Commission,
BROADBANDMAP.GOV,Federal Communications Commission,
DTV.GOV,Federal Communications Commission,
E911.GOV,Federal Communications Commission,
FCC.GOV,Federal Communications Commission,
FCCLABS.GOV,Federal Communications Commission,
FCCUNIVERSITY.GOV,Federal Communications Commission,
HDTV.GOV,Federal Communications Commission,
LIFELINE.GOV,Federal Communications Commission,
NBM.GOV,Federal Communications Commission,
OI.GOV,Federal Communications Commission,
OPENINTERNET.GOV,Federal Communications Commission,
VOIP911.GOV,Federal Communications Commission,
ECONOMICINCLUSION.GOV,Federal Deposit Insurance Corporation,
FDIC.GOV,Federal Deposit Insurance Corporation,
FDICBETS.GOV,Federal Deposit Insurance Corporation,
FDICCONNECT.GOV,Federal Deposit Insurance Corporation,
FDICIG.GOV,Federal Deposit Insurance Corporation,
FDICOIG.GOV,Federal Deposit Insurance Corporation,
FDICSALES.GOV,Federal Deposit Insurance Corporation,
FDICSEGURO.GOV,Federal Deposit Insurance Corporation,
MYFDIC.GOV,Federal Deposit Insurance Corporation,
MYFDICINSURANCE.GOV,Federal Deposit Insurance Corporation,
FEC.GOV,Federal Elections Commission,
FERC.GOV,Federal Energy Regulatory Commission,
FERCALT.GOV,Federal Energy Regulatory Commission,
FHFAOIG.GOV,Federal Housing Finance Board,
FHFB.GOV,Federal Housing Finance Board,
FLRA.GOV,Federal Labor Relations Authority,
FMC.GOV,Federal Maritime Commission,
FMCS.GOV,Federal Mediation and Conciliation Service,
FMSHRC.GOV,Federal Mine Safety and Health Review Company,
FEDERALRESERVE.GOV,Federal Reserve System,
FEDERALRESERVE100.GOV,Federal Reserve System,
FEDERALRESERVE2013.GOV,Federal Reserve System,
FEDERALRESERVECENTENNIAL.GOV,Federal Reserve System,
FEDERALRESERVECENTENNIALCELEBRATION.GOV,Federal Reserve System,
FEDERALRESERVECONSUMERHELP.GOV,Federal Reserve System,
FEDPARTNERSHIP.GOV,Federal Reserve System,
FFIEC.GOV,Federal Reserve System,
FRB.FED.US,Federal Reserve System,
FRB.GOV,Federal Reserve System,
FRS.GOV,Federal Reserve System,
NEWMONEY.GOV,Federal Reserve System,
EXPLORETSP.GOV,Federal Retirement Thrift Investment Board,
FRTIB.GOV,Federal Retirement Thrift Investment Board,
TSP.GOV,Federal Retirement Thrift Investment Board,
ADMONGO.GOV,Federal Trade Commission,
ALERTAENLINEA.GOV,Federal Trade Commission,
ANNUALCREDITREPORT.GOV,Federal Trade Commission,
CONSUMER.GOV,Federal Trade Commission,
CONSUMERSENTINEL.GOV,Federal Trade Commission,
CONSUMERSENTINELNETWORK.GOV,Federal Trade Commission,
DONOTCALL.GOV,Federal Trade Commission,
DONTSERVETEENS.GOV,Federal Trade Commission,
ECONSUMER.GOV,Federal Trade Commission,
FREECREDITREPORT.GOV,Federal Trade Commission,
FTC.GOV,Federal Trade Commission,
FTCCOMPLAINTASSISTANT.GOV,Federal Trade Commission,
FTCEFILE.GOV,Federal Trade Commission,
HSR.GOV,Federal Trade Commission,
IDENTITYTHEFT.GOV,Federal Trade Commission,
IDTHEFT.GOV,Federal Trade Commission,
NCPW.GOV,Federal Trade Commission,
ONGUARDONLINE.GOV,Federal Trade Commission,
ONLINEONGUARD.GOV,Federal Trade Commission,
PROTECCIONDELCONSUMIDOR.GOV,Federal Trade Commission,
SENTINEL.GOV,Federal Trade Commission,
UCE.GOV,Federal Trade Commission,
USICN.GOV,Federal Trade Commission,
ACMIS.GOV,General Services Administration,
ACQNET.GOV,General Services Administration,
ACQUISITION.GOV,General Services Administration,
ADVANTAGE.GOV,General Services Administration,
AFADVANTAGE.GOV,General Services Administration,
AFRICANBURIALGROUND.GOV,General Services Administration,
APPS.GOV,General Services Administration,
ARCTICGAS.GOV,General Services Administration,
ARNET.GOV,General Services Administration,
BLOG.GOV,General Services Administration,
BLOGS.GOV,General Services Administration,
BLOGUSA.GOV,General Services Administration,
BUSCADOR.GOV,General Services Administration,
BUSCADORUSA.GOV,General Services Administration,
BUYACCESSIBLE.GOV,General Services Administration,
BUYGOVPROPERTY.GOV,General Services Administration,
CAO.GOV,General Services Administration,
CAOC.GOV,General Services Administration,
CASU.GOV,General Services Administration,
CBCA.GOV,General Services Administration,
CFDA.GOV,General Services Administration,
CFO.GOV,General Services Administration,
CFOC.GOV,General Services Administration,
CHALLENGE.GOV,General Services Administration,
CHALLENGES.GOV,General Services Administration,
CIO.GOV,General Services Administration,
CIOC.GOV,General Services Administration,
CITIZENENGAGEMENT.GOV,General Services Administration,
CITIZENSERVICES.GOV,General Services Administration,
COMPUTERS4LEARNING.GOV,General Services Administration,
COMPUTERSFORLEARNING.GOV,General Services Administration,
CONSUMERACTION.GOV,General Services Administration,
CONSUMIDOR.GOV,General Services Administration,
CONTENTMANAGEMENT.GOV,General Services Administration,
CONTRACTDIRECTORY.GOV,General Services Administration,
CORE.GOV,General Services Administration,
CPARS.GOV,General Services Administration,
CXO.GOV,General Services Administration,
DOTGOV.GOV,General Services Administration,
EAC.GOV,General Services Administration,
ECPIC.GOV,General Services Administration,
EEUU.GOV,General Services Administration,
EFACA.GOV,General Services Administration,
EFORMS.GOV,General Services Administration,
EPLS.GOV,General Services Administration,
ESPANOL.GOV,General Services Administration,
ESRS.GOV,General Services Administration,
ESTRATEGY.GOV,General Services Administration,
ET.GOV,General Services Administration,
FACA.GOV,General Services Administration,
FACADATABASE.GOV,General Services Administration,
FAI.GOV,General Services Administration,
FAPIIS.GOV,General Services Administration,
FAQ.GOV,General Services Administration,
FBO.GOV,General Services Administration,
FED.GOV,General Services Administration,
FED.US,General Services Administration,
FEDASSETSALES.GOV,General Services Administration,
FEDBIZOPPS.GOV,General Services Administration,
FEDBIZOPS.GOV,General Services Administration,
FEDERALOPPORTUNITIES.GOV,General Services Administration,
FEDFORMS.GOV,General Services Administration,
FEDIDCARD.GOV,General Services Administration,
FEDINFO.GOV,General Services Administration,
FEDRAMP.GOV,General Services Administration,
FEDREALESTATE.GOV,General Services Administration,
FEDROOMS.GOV,General Services Administration,
FEDSALES.GOV,General Services Administration,
FEDSPACE.GOV,General Services Administration,
FEDTEDS.GOV,General Services Administration,
FIDO.GOV,General Services Administration,
FIRSTGOV.GOV,General Services Administration,
FIRSTGOVSEARCH.GOV,General Services Administration,
FO.GOV,General Services Administration,
FORMS.GOV,General Services Administration,
FPDS.GOV,General Services Administration,
FPKI.GOV,General Services Administration,
FRPP-PA.GOV,General Services Administration,
FSD.GOV,General Services Administration,
FSIO.GOV,General Services Administration,
FSRS.GOV,General Services Administration,
GABGOV.GOV,General Services Administration,
GOBIERNO.GOV,General Services Administration,
GOBIERNOENLINEA.GOV,General Services Administration,
GOBIERNOUSA.GOV,General Services Administration,
GOV.GOV,General Services Administration,
GOVENERGY.GOV,General Services Administration,
GOVERNMENT.GOV,General Services Administration,
GOVGAB.GOV,General Services Administration,
GOVGABS.GOV,General Services Administration,
GOVIERNOUSA.GOV,General Services Administration,
GOVINFO.GOV,General Services Administration,
GOVPROPERTYFORSALE.GOV,General Services Administration,
GOVSALES.GOV,General Services Administration,
GOVTINFO.GOV,General Services Administration,
GSA.GOV,General Services Administration,
GSAACCESS.GOV,General Services Administration,
GSAADVANTAGE.GOV,General Services Administration,
GSAAUCTIONS.GOV,General Services Administration,
GSADNSTEST1.GOV,General Services Administration,
GSADNSTEST2.GOV,General Services Administration,
GSADNSTEST3.GOV,General Services Administration,
GSADNSTEST5.GOV,General Services Administration,
GSADVANTAGE.GOV,General Services Administration,
GSAIG.GOV,General Services Administration,
GSAXCESS.GOV,General Services Administration,
HOTELS.GOV,General Services Administration,
HOWTO.GOV,General Services Administration,
IDEAS.GOV,General Services Administration,
IDMANAGEMENT.GOV,General Services Administration,
IMC.GOV,General Services Administration,
INFO.GOV,General Services Administration,
INNOVATIONS.GOV,General Services Administration,
IRMCO.GOV,General Services Administration,
ITDASHBOARD.GOV,General Services Administration,
JFMIP.GOV,General Services Administration,
KIDS.GOV,General Services Administration,
LODGING.GOV,General Services Administration,
MACPAC.GOV,General Services Administration,
MIGOBIERNO.GOV,General Services Administration,
NBRC.GOV,General Services Administration,
NETWORX.GOV,General Services Administration,
NIC.GOV,General Services Administration,
NON-PROFIT.GOV,General Services Administration,
NONPROFIT.GOV,General Services Administration,
OLDNYCUSTOMHOUSE.GOV,General Services Administration,
OPRC.GOV,General Services Administration,
PACOUNCIL.GOV,General Services Administration,
PARENTS.GOV,General Services Administration,
PARTNER4SOLUTIONS.GOV,General Services Administration,
PARTNERFORSOLUTIONS.GOV,General Services Administration,
PCMM.GOV,General Services Administration,
PERFORMANCE.GOV,General Services Administration,
PIC.GOV,General Services Administration,
POLICYWORKS.GOV,General Services Administration,
PRESIDENTIALTRANSITION.GOV,General Services Administration,
PTT.GOV,General Services Administration,
REALESTATESALES.GOV,General Services Administration,
REALPROPERTYPROFILE.GOV,General Services Administration,
REGINFO.GOV,General Services Administration,
ROCIS.GOV,General Services Administration,
SAM.GOV,General Services Administration,
SANDBOX.GOV,General Services Administration,
SBGWACSOURCE.GOV,General Services Administration,
SEARCHUSA.GOV,General Services Administration,
SECTION508.GOV,General Services Administration,
SENIORS.GOV,General Services Administration,
SFTOOL.GOV,General Services Administration,
SPANISH.GOV,General Services Administration,
STATELOCAL.GOV,General Services Administration,
STENNIS.GOV,General Services Administration,
STRATEGICSOURCING.GOV,General Services Administration,
SUGOBIERNO.GOV,General Services Administration,
TRANSPARENCY.GOV,General Services Administration,
TRAVELDATA.GOV,General Services Administration,
UNCLESAM.GOV,General Services Administration,
UNITEDSTATES.GOV,General Services Administration,
US.GOV,General Services Administration,
USA.GOV,General Services Administration,
USABLOG.GOV,General Services Administration,
USABUSCADOR.GOV,General Services Administration,
USAGOV.GOV,General Services Administration,
USAPERFORMANCE.GOV,General Services Administration,
USASEARCH.GOV,General Services Administration,
USASPENDING.GOV,General Services Administration,
USGOV.GOV,General Services Administration,
USGOVERNMENT.GOV,General Services Administration,
USGOVT.GOV,General Services Administration,
USIP.GOV,General Services Administration,
VEF.GOV,General Services Administration,
VERIFYPAYMENT.GOV,General Services Administration,
VITM.GOV,General Services Administration,
WEBCONTENT.GOV,General Services Administration,
WEBMANAGERUNIVERSITY.GOV,General Services Administration,
XML.GOV,General Services Administration,
IMLS.GOV,Institute of Museum and Library Services,
MUSEUMSCOUNT.GOV,Institute of Museum and Library Services,
IAF.GOV,Inter-American Foundation,
BBG.GOV,International Broadcasting Bureau,
IBB.GOV,International Broadcasting Bureau,
VOA.GOV,International Broadcasting Bureau,
JAMESMADISON.GOV,James Madison Memorial Fellowship Foundation,
LSC.GOV,Legal Services Corporation,
AFRICANAMERICANHISTORYMONTH.GOV,Library of Congress,
MEDPAC.GOV,Medical Payment Advisory Commission,
MSPB.GOV,Merit Systems Protection Board,
MCC.GOV,Millennium Challenge Corporation,
ECR.GOV,Morris K. Udall Foundation,
UDALL.GOV,Morris K. Udall Foundation,
CENTENNIALOFFLIGHT.GOV,National Aeronautics and Space Administration,
GLOBE.GOV,National Aeronautics and Space Administration,
KM.GOV,National Aeronautics and Space Administration,
NASA.GOV,National Aeronautics and Space Administration,
NSWP.GOV,National Aeronautics and Space Administration,
SCIJINKS.GOV,National Aeronautics and Space Administration,
SEWP.GOV,National Aeronautics and Space Administration,
USGEO.GOV,National Aeronautics and Space Administration,
9-11COMMISSION.GOV,National Archives and Records Administration,
911COMMISSION.GOV,National Archives and Records Administration,
ARCHIVES.GOV,National Archives and Records Administration,
CLINTONLIBRARY.GOV,National Archives and Records Administration,
EMERGENCY-FEDERAL-REGISTER.GOV,National Archives and Records Administration,
FCIC.GOV,National Archives and Records Administration,
FEDERAL-REGISTER.GOV,National Archives and Records Administration,
FORDLIBRARYMUSEUM.GOV,National Archives and Records Administration,
FRC.GOV,National Archives and Records Administration,
GEORGEWBUSHLIBRARY.GOV,National Archives and Records Administration,
HISTORY.GOV,National Archives and Records Administration,
JIMMYCARTERLIBRARY.GOV,National Archives and Records Administration,
NARA-AT-WORK.GOV,National Archives and Records Administration,
NARA.GOV,National Archives and Records Administration,
NIXONLIBRARY.GOV,National Archives and Records Administration,
OGIS.GOV,National Archives and Records Administration,
OURDOCUMENTS.GOV,National Archives and Records Administration,
REAGANLIBRARY.GOV,National Archives and Records Administration,
RECORDSMANAGEMENT.GOV,National Archives and Records Administration,
RESEARCHUSE.GOV,National Archives and Records Administration,
WEBHARVEST.GOV,National Archives and Records Administration,
CAPITALSPACE.GOV,National Capital Planning Commission,
NCPC.GOV,National Capital Planning Commission,
NCD.GOV,National Council on Disability,
ACCESSACROSSAMERICA.GOV,National Credit Union Administration,
MYCREDITUNION.GOV,National Credit Union Administration,
NCUA.GOV,National Credit Union Administration,
ARTS.GOV,National Endowment for the Arts,
ENDOW.GOV,National Endowment for the Arts,
NEA.GOV,National Endowment for the Arts,
NEAJAZZMASTERS.GOV,National Endowment for the Arts,
OPERATIONHOMECOMING.GOV,National Endowment for the Arts,
HUMANITIES.GOV,National Endowment for the Humanities,
NEH.GOV,National Endowment for the Humanities,
PCAH.GOV,National Endowment for the Humanities,
WETHEPEOPLE.GOV,National Endowment for the Humanities,
NGA.GOV,National Gallery of Art,
NIGC.GOV,National Indian Gaming Commission,
NLRB.GOV,National Labor Relations Board,
NMB.GOV,National Mediation Board,
ARCTIC.GOV,National Science Foundation,
CISE-NSF.GOV,National Science Foundation,
EARTHSCOPE.GOV,National Science Foundation,
GPC.GOV,National Science Foundation,
IPY.GOV,National Science Foundation,
ITRD.GOV,National Science Foundation,
KNOWLEDGENETWORK.GOV,National Science Foundation,
METABOLICENGINEERING.GOV,National Science Foundation,
MICROBEPROJECT.GOV,National Science Foundation,
NANO.GOV,National Science Foundation,
NHMFL.GOV,National Science Foundation,
NITRD.GOV,National Science Foundation,
NSF.GOV,National Science Foundation,
NSFTOKYO.GOV,National Science Foundation,
RESEARCH.GOV,National Science Foundation,
SAC.GOV,National Science Foundation,
SBESCIENCES.GOV,National Science Foundation,
SBIR.GOV,National Science Foundation,
SCIENCE360.GOV,National Science Foundation,
TISSUEENGINEERING.GOV,National Science Foundation,
USAP.GOV,National Science Foundation,
NIARL.GOV,National Security Agency,
NTSB.GOV,National Transportation Safety Board,
LSNNET.GOV,Nuclear Regulatory Commission,
NRC-GATEWAY.GOV,Nuclear Regulatory Commission,
NRC.GOV,Nuclear Regulatory Commission,
USNRC.GOV,Nuclear Regulatory Commission,
OSHRC.GOV,Occupational Safety & Health Review Commission,
FHFA-OIG.GOV,Office of Federal Housing Enterprise Oversight,
FHFA.GOV,Office of Federal Housing Enterprise Oversight,
OFHEO.GOV,Office of Federal Housing Enterprise Oversight,
APPLICATIONMANAGER.GOV,Office of Personnel Management,
CBIS.GOV,Office of Personnel Management,
CHCOC.GOV,Office of Personnel Management,
CHICAGOINFO.GOV,Office of Personnel Management,
E-QIP.GOV,Office of Personnel Management,
EMPLOYEEEXPRESS.GOV,Office of Personnel Management,
EMPLOYEESURVEY.GOV,Office of Personnel Management,
FEB.GOV,Office of Personnel Management,
FEDERALJOBS.GOV,Office of Personnel Management,
FEDJOBS.GOV,Office of Personnel Management,
FEDS.GOV,Office of Personnel Management,
FEDSFEEDFAMILIES.GOV,Office of Personnel Management,
FEDSGETFIT.GOV,Office of Personnel Management,
FEDSHIREVETS.GOV,Office of Personnel Management,
FEGLI.GOV,Office of Personnel Management,
FSAFEDS.GOV,Office of Personnel Management,
GOLEARN.GOV,Office of Personnel Management,
GOVERNMENTJOBS.GOV,Office of Personnel Management,
GOVJOBS.GOV,Office of Personnel Management,
HEALTHIERFEDS.GOV,Office of Personnel Management,
HRU.GOV,Office of Personnel Management,
LMRCOUNCIL.GOV,Office of Personnel Management,
OPM.GOV,Office of Personnel Management,
PMF.GOV,Office of Personnel Management,
RETIREEZ.GOV,Office of Personnel Management,
SENIORLEADERS.GOV,Office of Personnel Management,
STUDENTJOBS.GOV,Office of Personnel Management,
TELEWORK.GOV,Office of Personnel Management,
THEJOBPAGE.GOV,Office of Personnel Management,
USAJOBS.GOV,Office of Personnel Management,
USAJOBSASSESS.GOV,Office of Personnel Management,
USAJOBSRECRUIT.GOV,Office of Personnel Management,
USALEARN.GOV,Office of Personnel Management,
USALEARNING.GOV,Office of Personnel Management,
USASTAFFING.GOV,Office of Personnel Management,
USATESTMANAGER.GOV,Office of Personnel Management,
VETERANS.GOV,Office of Personnel Management,
VETJOBS.GOV,Office of Personnel Management,
WORKINGFORAMERICA.GOV,Office of Personnel Management,
USTRADEREP.GOV,Office of the U. S. Trade Representative,
OPIC.GOV,Overseas Private Investment Corporation,
PBGC.GOV,Pension Benefit Guaranty Corporation,
PRC.GOV,Postal Rate Commission,
RRB.GOV,Railroad Retirement Board,
AANDT.GOV,Recovery Accountability and Transparency Board,
ATB.GOV,Recovery Accountability and Transparency Board,
EDUCATIONJOBSFUND.GOV,Recovery Accountability and Transparency Board,
FEDERALACCOUNTABILITY.GOV,Recovery Accountability and Transparency Board,
FEDERALREPORTING.GOV,Recovery Accountability and Transparency Board,
FEDERALTRANSPARENCY.GOV,Recovery Accountability and Transparency Board,
RATB.GOV,Recovery Accountability and Transparency Board,
RECOVERY.GOV,Recovery Accountability and Transparency Board,
RECOVERYBOARD.GOV,Recovery Accountability and Transparency Board,
404.GOV,Securities and Exchange Commission,
INVESTOR.GOV,Securities and Exchange Commission,
SEC-ELEARNING.GOV,Securities and Exchange Commission,
SEC.GOV,Securities and Exchange Commission,
SSS.GOV,Selective Service System,
BUSINESS.GOV,Small Business Administration,
DISASTERCONTRACTINGASSISTANCE.GOV,Small Business Administration,
HSA.GOV,Small Business Administration,
NWBC.GOV,Small Business Administration,
ONLINEWBC.GOV,Small Business Administration,
SBA.GOV,Small Business Administration,
SMALLBUSINESS.GOV,Small Business Administration,
WOMENBIZ.GOV,Small Business Administration,
ITIS.GOV,Smithsonian Institution,
NAEOL.GOV,Smithsonian Institution,
OCEANGEOPORTAL.GOV,Smithsonian Institution,
RETIREMENT.GOV,Social Security Administration,
SEGUROSOCIAL.GOV,Social Security Administration,
SOCIALSECURITY.GOV,Social Security Administration,
SOCIALSECURITYADVISORYBOARD.GOV,Social Security Administration,
SSA.GOV,Social Security Administration,
SSAB.GOV,Social Security Administration,
TVA.GOV,Tennessee Valley Authority,
TVAOIG.GOV,Tennessee Valley Authority,
ASC.GOV,The Appraisal Foundation,
CSSC.GOV,The Intelligence Community,
PTF.GOV,The Intelligence Community,
HOLOCAUSTASSETS.GOV,U. S. Holocaust Memorial Museum,
PCHA.GOV,U. S. Holocaust Memorial Museum,
USHMM.GOV,U. S. Holocaust Memorial Museum,
USITC.GOV,U. S. International Trade Commission,
OSC.GOV,U. S. Office of Special Counsel,
OSCNET.GOV,U. S. Office of Special Counsel,
COOP-USPTO.GOV,U. S. Patent and Trademark Office,
USIPR.GOV,U. S. Patent and Trademark Office,
USPTO.GOV,U. S. Patent and Trademark Office,
USPTOCAREERS.GOV,U. S. Patent and Trademark Office,
USPTOENEWS.GOV,U. S. Patent and Trademark Office,
PEACECORE.GOV,U. S. Peace Corps,
PEACECORP.GOV,U. S. Peace Corps,
PEACECORPS.GOV,U. S. Peace Corps,
MAIL.GOV,U. S. Postal Service,
POSTOFFICE.GOV,U. S. Postal Service,
PURCHASING.GOV,U. S. Postal Service,
USPIS.GOV,U. S. Postal Service,
USPS.GOV,U. S. Postal Service,
USPSOIG.GOV,U. S. Postal Service,
DFAFACTS.GOV,U.S. Agency for International Development,
FEEDTHEFUTURE.GOV,U.S. Agency for International Development,
FIGHTINGMALARIA.GOV,U.S. Agency for International Development,
FOODSECURITYINITIATIVE.GOV,U.S. Agency for International Development,
GLOBALHUNGER.GOV,U.S. Agency for International Development,
GLOBALPULSE2010.GOV,U.S. Agency for International Development,
JMC.GOV,U.S. Agency for International Development,
NEGLECTEDDISEASES.GOV,U.S. Agency for International Development,
OFDA.GOV,U.S. Agency for International Development,
OTI.GOV,U.S. Agency for International Development,
PMI.GOV,U.S. Agency for International Development,
USAID-PH.GOV,U.S. Agency for International Development,
USAID.FED.US,U.S. Agency for International Development,
USAID.GOV,U.S. Agency for International Development,
USAIDALLNET.GOV,U.S. Agency for International Development,
USAIDPCLOUD.GOV,U.S. Agency for International Development,
VOLUNTEERSFORPROSPERITY.GOV,U.S. Agency for International Development,
USCP.GOV,U.S. Capitol Police,
CHEMSAFETY.GOV,U.S. Chemical Safety and Hazard Investigation Board,
CSB.GOV,U.S. Chemical Safety and Hazard Investigation Board,
SAFETYVIDEOS.GOV,U.S. Chemical Safety and Hazard Investigation Board,
USTDA.GOV,U.S. Trade and Development Agency,
OGE.GOV,United States Office of Government Ethics,
ICH.GOV,US Interagency Council on Homelessness,
USICH.GOV,US Interagency Council on Homelessness,
